시군구,번지,본번,부번,단지명,전용면적(㎡),계약년월,계약일,거래금액(만원),층,건축년도,도로명,해제사유발생일
인천광역시 연수구 동춘동,938,938,0,건영,73.66,202103,13,"32,700",1,1994,먼우금로83번길 12,
인천광역시 연수구 동춘동,923,923,0,금호타운,134.63,202103,14,"53,000",6,1993,청능대로 124,
인천광역시 연수구 동춘동,923,923,0,금호타운,101.97,202103,18,"44,000",2,1993,청능대로 124,
인천광역시 연수구 동춘동,923,923,0,금호타운,134.63,202103,27,"55,500",8,1993,청능대로 124,
인천광역시 연수구 동춘동,923,923,0,금호타운,134.63,202103,29,"51,500",9,1993,청능대로 124,
인천광역시 연수구 동춘동,941,941,0,대동,75.255,202103,1,"30,500",3,1994,먼우금로 69,
인천광역시 연수구 동춘동,941,941,0,대동,75.255,202103,4,"28,000",1,1994,먼우금로 69,
인천광역시 연수구 동춘동,924,924,0,대림,96.74,202103,2,"45,700",2,1993,먼우금로 126,
인천광역시 연수구 동춘동,924,924,0,대림,96.74,202103,5,"43,500",1,1993,먼우금로 126,
인천광역시 연수구 동춘동,924,924,0,대림,101.7,202103,10,"45,000",12,1993,먼우금로 126,
인천광역시 연수구 동춘동,924,924,0,대림,101.7,202103,15,"52,000",14,1993,먼우금로 126,
인천광역시 연수구 동춘동,924,924,0,대림,96.74,202103,22,"47,000",4,1993,먼우금로 126,
인천광역시 연수구 동춘동,924,924,0,대림,96.74,202103,24,"44,700",1,1993,먼우금로 126,
인천광역시 연수구 동춘동,940,940,0,대림3,53.01,202103,6,"16,500",5,1993,먼우금로83번길 49,
인천광역시 연수구 동춘동,940,940,0,대림3,53.01,202103,12,"18,300",1,1993,먼우금로83번길 49,
인천광역시 연수구 동춘동,940,940,0,대림3,53.01,202103,15,"16,500",5,1993,먼우금로83번길 49,
인천광역시 연수구 동춘동,940,940,0,대림3,53.01,202103,27,"17,000",6,1993,먼우금로83번길 49,
인천광역시 연수구 동춘동,920-1,920,1,대우3,99.09,202103,2,"31,800",5,1993,동곡재로117번길 22,
인천광역시 연수구 동춘동,920-1,920,1,대우3,99.9595,202103,6,"38,250",3,1993,동곡재로117번길 22,
인천광역시 연수구 동춘동,920-1,920,1,대우3,99.09,202103,12,"34,500",1,1993,동곡재로117번길 22,
인천광역시 연수구 동춘동,920-1,920,1,대우3,99.9595,202103,31,"34,500",4,1993,동곡재로117번길 22,
인천광역시 연수구 동춘동,943,943,0,동남,52.14,202103,1,"23,000",12,1994,먼우금로 19,
인천광역시 연수구 동춘동,943,943,0,동남,52.14,202103,2,"18,000",14,1994,먼우금로 19,
인천광역시 연수구 동춘동,943,943,0,동남,52.14,202103,2,"16,800",4,1994,먼우금로 19,
인천광역시 연수구 동춘동,943,943,0,동남,52.14,202103,3,"19,950",8,1994,먼우금로 19,
인천광역시 연수구 동춘동,943,943,0,동남,52.14,202103,3,"21,500",10,1994,먼우금로 19,
인천광역시 연수구 동춘동,943,943,0,동남,52.14,202103,6,"20,000",10,1994,먼우금로 19,
인천광역시 연수구 동춘동,943,943,0,동남,52.14,202103,7,"20,000",14,1994,먼우금로 19,
인천광역시 연수구 동춘동,943,943,0,동남,52.14,202103,8,"20,000",8,1994,먼우금로 19,
인천광역시 연수구 동춘동,943,943,0,동남,52.14,202103,9,"20,750",7,1994,먼우금로 19,
인천광역시 연수구 동춘동,943,943,0,동남,52.14,202103,9,"20,000",3,1994,먼우금로 19,
인천광역시 연수구 동춘동,943,943,0,동남,52.14,202103,11,"19,800",4,1994,먼우금로 19,
인천광역시 연수구 동춘동,943,943,0,동남,52.14,202103,11,"21,000",5,1994,먼우금로 19,
인천광역시 연수구 동춘동,943,943,0,동남,52.14,202103,13,"19,000",15,1994,먼우금로 19,20210405
인천광역시 연수구 동춘동,943,943,0,동남,52.14,202103,14,"20,800",6,1994,먼우금로 19,
인천광역시 연수구 동춘동,943,943,0,동남,52.14,202103,15,"21,800",8,1994,먼우금로 19,
인천광역시 연수구 동춘동,943,943,0,동남,52.14,202103,16,"20,900",5,1994,먼우금로 19,
인천광역시 연수구 동춘동,943,943,0,동남,52.14,202103,17,"22,500",6,1994,먼우금로 19,
인천광역시 연수구 동춘동,943,943,0,동남,52.14,202103,17,"20,500",5,1994,먼우금로 19,
인천광역시 연수구 동춘동,943,943,0,동남,52.14,202103,18,"20,900",13,1994,먼우금로 19,
인천광역시 연수구 동춘동,943,943,0,동남,52.14,202103,18,"20,000",8,1994,먼우금로 19,
인천광역시 연수구 동춘동,943,943,0,동남,52.14,202103,19,"19,000",15,1994,먼우금로 19,
인천광역시 연수구 동춘동,943,943,0,동남,52.14,202103,20,"21,000",13,1994,먼우금로 19,
인천광역시 연수구 동춘동,943,943,0,동남,52.14,202103,20,"19,500",1,1994,먼우금로 19,
인천광역시 연수구 동춘동,943,943,0,동남,52.14,202103,20,"22,850",5,1994,먼우금로 19,
인천광역시 연수구 동춘동,943,943,0,동남,52.14,202103,20,"19,500",13,1994,먼우금로 19,
인천광역시 연수구 동춘동,943,943,0,동남,52.14,202103,20,"21,000",6,1994,먼우금로 19,
인천광역시 연수구 동춘동,943,943,0,동남,52.14,202103,24,"20,700",12,1994,먼우금로 19,
인천광역시 연수구 동춘동,943,943,0,동남,52.14,202103,24,"22,500",9,1994,먼우금로 19,
인천광역시 연수구 동춘동,943,943,0,동남,52.14,202103,24,"20,000",5,1994,먼우금로 19,
인천광역시 연수구 동춘동,943,943,0,동남,52.14,202103,27,"21,400",14,1994,먼우금로 19,
인천광역시 연수구 동춘동,943,943,0,동남,52.14,202103,27,"19,900",3,1994,먼우금로 19,
인천광역시 연수구 동춘동,943,943,0,동남,52.14,202103,28,"20,000",4,1994,먼우금로 19,
인천광역시 연수구 동춘동,923,923,0,동아,134.63,202103,12,"48,000",2,1993,청능대로 124,
인천광역시 연수구 동춘동,923,923,0,동아,134.63,202103,15,"55,000",12,1993,청능대로 124,
인천광역시 연수구 동춘동,923,923,0,동아,101.97,202103,24,"35,000",2,1993,청능대로 124,
인천광역시 연수구 동춘동,921,921,0,동춘마을,59.36,202103,6,"28,150",1,1994,먼우금로 123,
인천광역시 연수구 동춘동,921,921,0,동춘마을,59.3,202103,11,"27,400",4,1994,먼우금로 123,
인천광역시 연수구 동춘동,921,921,0,동춘마을,59.3,202103,13,"31,000",3,1994,먼우금로 123,
인천광역시 연수구 동춘동,921,921,0,동춘마을,59.36,202103,13,"27,500",5,1994,먼우금로 123,
인천광역시 연수구 동춘동,921,921,0,동춘마을,59.36,202103,20,"27,600",5,1994,먼우금로 123,
인천광역시 연수구 동춘동,921,921,0,동춘마을,59.3,202103,29,"29,000",1,1994,먼우금로 123,
인천광역시 연수구 동춘동,924-3,924,3,래미안,95.76,202103,25,"37,800",1,1993,원인재로 81,
인천광역시 연수구 동춘동,931,931,0,무지개마을,59.76,202103,1,"28,500",12,1995,원인재로 14,
인천광역시 연수구 동춘동,931,931,0,무지개마을,59.76,202103,2,"32,000",10,1995,원인재로 14,
인천광역시 연수구 동춘동,931,931,0,무지개마을,59.76,202103,9,"33,000",9,1995,원인재로 14,
인천광역시 연수구 동춘동,931,931,0,무지개마을,59.76,202103,10,"32,400",4,1995,원인재로 14,
인천광역시 연수구 동춘동,931,931,0,무지개마을,59.76,202103,13,"32,000",4,1995,원인재로 14,
인천광역시 연수구 동춘동,931,931,0,무지개마을,84.965,202103,14,"43,000",6,1995,원인재로 14,
인천광역시 연수구 동춘동,931,931,0,무지개마을,59.76,202103,17,"30,800",1,1995,원인재로 14,
인천광역시 연수구 동춘동,931,931,0,무지개마을,84.965,202103,20,"43,100",3,1995,원인재로 14,
인천광역시 연수구 동춘동,931,931,0,무지개마을,59.76,202103,26,"29,500",6,1995,원인재로 14,
인천광역시 연수구 동춘동,931,931,0,무지개마을,59.76,202103,27,"32,800",3,1995,원인재로 14,
인천광역시 연수구 동춘동,931,931,0,무지개마을,59.76,202103,27,"34,800",10,1995,원인재로 14,
인천광역시 연수구 동춘동,931,931,0,무지개마을,59.76,202103,30,"33,400",10,1995,원인재로 14,
인천광역시 연수구 동춘동,가-,0,0,서해그랑블 포레스트,59.8632,202103,16,"45,000",18,2019,능허대로446번길 12,
인천광역시 연수구 동춘동,가-,0,0,서해그랑블 포레스트,59.8632,202103,24,"42,800",4,2019,능허대로446번길 12,
인천광역시 연수구 동춘동,가-,0,0,송도 동일하이빌 파크포레,59.9786,202103,8,"45,000",10,2019,앵고개로104번길 5,
인천광역시 연수구 동춘동,가-,0,0,송도 동일하이빌 파크포레,84.9255,202103,12,"53,000",2,2019,앵고개로104번길 5,
인천광역시 연수구 동춘동,가-,0,0,송도 파크레인 동일하이빌,74.2443,202103,3,"59,500",22,2019,능허대로 343,
인천광역시 연수구 동춘동,가-,0,0,송도 파크레인 동일하이빌,84.9044,202103,5,"68,500",26,2019,능허대로 343,
인천광역시 연수구 동춘동,가-,0,0,송도 파크레인 동일하이빌,74.2443,202103,9,"50,000",3,2019,능허대로 343,
인천광역시 연수구 동춘동,가-,0,0,송도 파크레인 동일하이빌,74.2443,202103,12,"47,000",16,2019,능허대로 343,
인천광역시 연수구 동춘동,가-,0,0,송도파크자이,84.9246,202103,1,"65,700",10,2019,앵고개로104번길 22,
인천광역시 연수구 동춘동,가-,0,0,송도파크자이,84.8904,202103,15,"70,500",16,2019,앵고개로104번길 22,
인천광역시 연수구 동춘동,가-,0,0,송도파크자이,101.951,202103,30,"86,000",26,2019,앵고개로104번길 22,
인천광역시 연수구 동춘동,925-7,925,7,연수 대우.삼환,102,202103,1,"42,500",16,1994,원인재로 88,
인천광역시 연수구 동춘동,925-7,925,7,연수 대우.삼환,102,202103,6,"47,700",17,1994,원인재로 88,
인천광역시 연수구 동춘동,925-7,925,7,연수 대우.삼환,120.72,202103,7,"48,000",1,1994,원인재로 88,
인천광역시 연수구 동춘동,925-7,925,7,연수 대우.삼환,90.18,202103,7,"40,500",3,1994,원인재로 88,
인천광역시 연수구 동춘동,925-7,925,7,연수 대우.삼환,90.18,202103,7,"39,000",3,1994,원인재로 88,
인천광역시 연수구 동춘동,925-7,925,7,연수 대우.삼환,90.18,202103,11,"42,000",19,1994,원인재로 88,
인천광역시 연수구 동춘동,925-7,925,7,연수 대우.삼환,120.72,202103,17,"61,000",13,1994,원인재로 88,
인천광역시 연수구 동춘동,925-7,925,7,연수 대우.삼환,90.18,202103,17,"40,000",1,1994,원인재로 88,
인천광역시 연수구 동춘동,925-7,925,7,연수 대우.삼환,102,202103,26,"47,000",5,1994,원인재로 88,
인천광역시 연수구 동춘동,가-,0,0,연수 서해그랑블 1단지,70.77,202103,4,"44,700",14,2017,봉재산로 20,
인천광역시 연수구 동춘동,가-,0,0,연수 서해그랑블 1단지,84.98,202103,5,"53,000",18,2017,봉재산로 20,
인천광역시 연수구 동춘동,가-,0,0,연수 서해그랑블 1단지,84.98,202103,6,"55,000",16,2017,봉재산로 20,
인천광역시 연수구 동춘동,가-,0,0,연수 서해그랑블 1단지,70.75,202103,6,"42,900",18,2017,봉재산로 20,
인천광역시 연수구 동춘동,가-,0,0,연수 서해그랑블 1단지,84.98,202103,10,"45,000",7,2017,봉재산로 20,
인천광역시 연수구 동춘동,가-,0,0,연수 서해그랑블 1단지,70.77,202103,16,"42,500",9,2017,봉재산로 20,
인천광역시 연수구 동춘동,가-,0,0,연수 서해그랑블 1단지,70.77,202103,17,"42,900",14,2017,봉재산로 20,
인천광역시 연수구 동춘동,가-,0,0,연수 서해그랑블 1단지,84.98,202103,18,"58,000",19,2017,봉재산로 20,
인천광역시 연수구 동춘동,가-,0,0,연수 서해그랑블 1단지,84.98,202103,20,"52,700",19,2017,봉재산로 20,
인천광역시 연수구 동춘동,가-,0,0,연수 서해그랑블 1단지,84.98,202103,21,"55,000",13,2017,봉재산로 20,
인천광역시 연수구 동춘동,가-,0,0,연수 서해그랑블 1단지,70.75,202103,23,"49,500",8,2017,봉재산로 20,
인천광역시 연수구 동춘동,가-,0,0,연수 서해그랑블 1단지,70.77,202103,27,"42,700",7,2017,봉재산로 20,
인천광역시 연수구 동춘동,가-,0,0,연수 서해그랑블 1단지,70.77,202103,28,"48,000",20,2017,봉재산로 20,
인천광역시 연수구 동춘동,924-3,924,3,자이(xi),95.55,202103,6,"44,400",6,1993,원인재로 81,
인천광역시 연수구 동춘동,924-3,924,3,자이(xi),95.55,202103,13,"44,000",13,1993,원인재로 81,
인천광역시 연수구 동춘동,924-3,924,3,자이(xi),95.55,202103,21,"43,000",15,1993,원인재로 81,
인천광역시 연수구 동춘동,924-3,924,3,자이(xi),95.55,202103,29,"45,000",14,1993,원인재로 81,
인천광역시 연수구 동춘동,939,939,0,태평1,92.93,202103,13,"33,500",4,1992,앵고개로206번길 10,
인천광역시 연수구 동춘동,961,961,0,태평2,59.885,202103,10,"22,200",10,1995,청능대로 38,
인천광역시 연수구 동춘동,961,961,0,태평2,59.885,202103,27,"17,500",2,1995,청능대로 38,
인천광역시 연수구 동춘동,961,961,0,태평2,59.885,202103,29,"21,900",2,1995,청능대로 38,
인천광역시 연수구 동춘동,929,929,0,풍림2,45.36,202103,9,"25,000",8,1993,경원대로119번길 21,
인천광역시 연수구 동춘동,929,929,0,풍림2,45.36,202103,9,"25,000",4,1993,경원대로119번길 21,
인천광역시 연수구 동춘동,929,929,0,풍림2,45.36,202103,13,"26,000",4,1993,경원대로119번길 21,
인천광역시 연수구 동춘동,929,929,0,풍림2,45.36,202103,13,"23,000",1,1993,경원대로119번길 21,
인천광역시 연수구 동춘동,929,929,0,풍림2,84.22,202103,15,"44,500",3,1993,경원대로119번길 21,
인천광역시 연수구 동춘동,929,929,0,풍림2,45.36,202103,16,"22,500",3,1993,경원대로119번길 21,
인천광역시 연수구 동춘동,929,929,0,풍림2,45.36,202103,27,"26,000",9,1993,경원대로119번길 21,
인천광역시 연수구 동춘동,929,929,0,풍림2,45.36,202103,27,"26,000",10,1993,경원대로119번길 21,
인천광역시 연수구 동춘동,929,929,0,풍림2,45.36,202103,30,"26,050",5,1993,경원대로119번길 21,
인천광역시 연수구 동춘동,922,922,0,풍림3,84.3,202103,6,"36,500",2,1993,먼우금로 149,
인천광역시 연수구 동춘동,922,922,0,풍림3,84.3,202103,11,"36,500",2,1993,먼우금로 149,
인천광역시 연수구 동춘동,922,922,0,풍림3,84.3,202103,14,"36,000",5,1993,먼우금로 149,
인천광역시 연수구 동춘동,922,922,0,풍림3,84.3,202103,16,"33,500",5,1993,먼우금로 149,
인천광역시 연수구 동춘동,922,922,0,풍림3,84.3,202103,19,"39,000",2,1993,먼우금로 149,
인천광역시 연수구 동춘동,919,919,0,하나타운2,99.42,202103,9,"34,200",4,1994,앵고개로205번길 41,
인천광역시 연수구 동춘동,919,919,0,하나타운2,131.19,202103,23,"42,000",4,1994,앵고개로205번길 41,
인천광역시 연수구 동춘동,919,919,0,하나타운2,131.19,202103,29,"45,300",5,1994,앵고개로205번길 41,
인천광역시 연수구 동춘동,925,925,0,한양1,133.44,202103,6,"51,000",7,1994,원인재로 124,
인천광역시 연수구 동춘동,925,925,0,한양1,101.9,202103,6,"44,500",15,1994,원인재로 124,
인천광역시 연수구 동춘동,925,925,0,한양1,88.86,202103,23,"45,000",10,1994,원인재로 124,
인천광역시 연수구 동춘동,932,932,0,한양2,68.36,202103,13,"40,200",3,1994,원인재로 59,
인천광역시 연수구 동춘동,932,932,0,한양2,84.97,202103,20,"44,000",4,1994,원인재로 59,
인천광역시 연수구 동춘동,932,932,0,한양2,68.36,202103,31,"38,500",4,1994,원인재로 59,
인천광역시 연수구 동춘동,924,924,0,현대,133.808,202103,16,"51,000",6,1993,먼우금로 126,
인천광역시 연수구 선학동,350,350,0,금호타운,124.05,202103,11,"33,500",8,1992,선학로 100,
인천광역시 연수구 선학동,350,350,0,금호타운,84.9,202103,26,"35,700",6,1992,선학로 100,
인천광역시 연수구 선학동,352,352,0,뉴서울,84.53,202103,3,"28,500",18,1992,선학로 101,
인천광역시 연수구 선학동,352,352,0,뉴서울,84.53,202103,3,"29,500",18,1992,선학로 101,20210312
인천광역시 연수구 선학동,352,352,0,뉴서울,84.53,202103,3,"29,500",18,1992,선학로 101,
인천광역시 연수구 선학동,352,352,0,뉴서울,84.53,202103,3,"28,500",18,1992,선학로 101,20210319
인천광역시 연수구 선학동,352,352,0,뉴서울,84.53,202103,5,"33,000",5,1992,선학로 101,
인천광역시 연수구 선학동,352,352,0,뉴서울,84.53,202103,6,"31,000",11,1992,선학로 101,
인천광역시 연수구 선학동,352,352,0,뉴서울,84.53,202103,6,"27,800",3,1992,선학로 101,
인천광역시 연수구 선학동,352,352,0,뉴서울,84.53,202103,7,"32,500",18,1992,선학로 101,
인천광역시 연수구 선학동,352,352,0,뉴서울,84.53,202103,15,"32,500",9,1992,선학로 101,
인천광역시 연수구 선학동,352,352,0,뉴서울,84.53,202103,17,"32,500",11,1992,선학로 101,
인천광역시 연수구 선학동,352,352,0,뉴서울,126.89,202103,22,"39,500",16,1992,선학로 101,
인천광역시 연수구 선학동,353,353,0,대동,84.4,202103,12,"24,400",2,1992,선학로74번길 17,
인천광역시 연수구 선학동,353,353,0,대동,84.4,202103,27,"29,500",14,1992,선학로74번길 17,
인천광역시 연수구 선학동,340,340,0,대진,64.38,202103,8,"18,000",3,1991,선학로 37,
인천광역시 연수구 선학동,340,340,0,대진,64.38,202103,10,"16,000",6,1991,선학로 37,
인천광역시 연수구 선학동,340,340,0,대진,64.38,202103,22,"22,000",2,1991,선학로 37,
인천광역시 연수구 선학동,340,340,0,대진,64.38,202103,26,"17,000",3,1991,선학로 37,
인천광역시 연수구 선학동,353,353,0,아주,84.06,202103,14,"25,000",3,1992,선학로 90,
인천광역시 연수구 선학동,353,353,0,아주,84.06,202103,24,"30,000",7,1992,선학로 90,
인천광역시 연수구 선학동,353,353,0,아주,84.06,202103,25,"29,900",10,1992,선학로 90,
인천광역시 연수구 선학동,387,387,0,윤성,59.86,202103,15,"17,500",5,1995,넘말로79번길 45,
인천광역시 연수구 선학동,387,387,0,윤성,84.93,202103,17,"24,000",3,1995,넘말로79번길 45,
인천광역시 연수구 선학동,387,387,0,윤성,84.93,202103,24,"30,000",13,1995,넘말로79번길 45,
인천광역시 연수구 선학동,387,387,0,윤성,59.86,202103,28,"18,000",13,1995,넘말로79번길 45,
인천광역시 연수구 선학동,340,340,0,정광,84.69,202103,1,"25,000",2,1991,선학로 37,
인천광역시 연수구 선학동,340,340,0,정광,64.38,202103,4,"17,000",5,1991,선학로 37,
인천광역시 연수구 선학동,340,340,0,정광,64.38,202103,6,"17,900",6,1991,선학로 37,
인천광역시 연수구 선학동,340,340,0,정광,64.38,202103,23,"21,700",3,1991,선학로 37,
인천광역시 연수구 선학동,340,340,0,태산,64.38,202103,6,"17,200",5,1991,선학로 37,
인천광역시 연수구 선학동,340,340,0,태산,64.38,202103,18,"18,000",6,1991,선학로 37,
인천광역시 연수구 선학동,340,340,0,태산,64.38,202103,22,"18,700",4,1991,선학로 37,
인천광역시 연수구 선학동,395,395,0,희영무지개,84.98,202103,12,"21,300",1,1995,넘말로29번길 45,
인천광역시 연수구 선학동,395,395,0,희영무지개,59.82,202103,29,"18,400",3,1995,넘말로29번길 45,
인천광역시 연수구 선학동,389,389,0,희영무지개2,59.85,202103,11,"18,000",4,1995,넘말로47번길 36,
인천광역시 연수구 선학동,389,389,0,희영무지개2,84.98,202103,19,"22,000",1,1995,넘말로47번길 36,
인천광역시 연수구 송도동,319-1,319,1,e편한세상 송도,70.5618,202103,1,"61,800",22,2018,랜드마크로 113,
인천광역시 연수구 송도동,319-1,319,1,e편한세상 송도,70.2331,202103,3,"65,000",12,2018,랜드마크로 113,
인천광역시 연수구 송도동,319-1,319,1,e편한세상 송도,70.5618,202103,6,"70,000",21,2018,랜드마크로 113,
인천광역시 연수구 송도동,319-1,319,1,e편한세상 송도,84.4163,202103,6,"83,000",15,2018,랜드마크로 113,
인천광역시 연수구 송도동,319-1,319,1,e편한세상 송도,84.4163,202103,6,"82,500",23,2018,랜드마크로 113,
인천광역시 연수구 송도동,319-1,319,1,e편한세상 송도,70.5618,202103,6,"69,000",15,2018,랜드마크로 113,
인천광역시 연수구 송도동,319-1,319,1,e편한세상 송도,70.5618,202103,11,"61,000",1,2018,랜드마크로 113,
인천광역시 연수구 송도동,319-1,319,1,e편한세상 송도,70.3826,202103,12,"64,800",18,2018,랜드마크로 113,
인천광역시 연수구 송도동,319-1,319,1,e편한세상 송도,84.4163,202103,13,"87,500",26,2018,랜드마크로 113,
인천광역시 연수구 송도동,319-1,319,1,e편한세상 송도,84.2538,202103,13,"80,000",37,2018,랜드마크로 113,
인천광역시 연수구 송도동,319-1,319,1,e편한세상 송도,70.2331,202103,13,"60,000",34,2018,랜드마크로 113,
인천광역시 연수구 송도동,319-1,319,1,e편한세상 송도,84.2538,202103,13,"75,800",6,2018,랜드마크로 113,
인천광역시 연수구 송도동,319-1,319,1,e편한세상 송도,70.5618,202103,14,"67,000",11,2018,랜드마크로 113,
인천광역시 연수구 송도동,319-1,319,1,e편한세상 송도,70.5618,202103,14,"68,800",15,2018,랜드마크로 113,
인천광역시 연수구 송도동,319-1,319,1,e편한세상 송도,70.5618,202103,15,"70,000",38,2018,랜드마크로 113,
인천광역시 연수구 송도동,319-1,319,1,e편한세상 송도,84.2538,202103,17,"82,000",31,2018,랜드마크로 113,
인천광역시 연수구 송도동,319-1,319,1,e편한세상 송도,70.5618,202103,19,"68,500",16,2018,랜드마크로 113,
인천광역시 연수구 송도동,319-1,319,1,e편한세상 송도,70.5618,202103,20,"66,300",11,2018,랜드마크로 113,
인천광역시 연수구 송도동,319-1,319,1,e편한세상 송도,70.3826,202103,21,"65,000",23,2018,랜드마크로 113,
인천광역시 연수구 송도동,319-1,319,1,e편한세상 송도,84.2538,202103,26,"82,000",12,2018,랜드마크로 113,
인천광역시 연수구 송도동,190-2,190,2,글로벌캠퍼스푸르지오,84.98,202103,8,"68,000",34,2013,송도문화로28번길 28,
인천광역시 연수구 송도동,190-2,190,2,글로벌캠퍼스푸르지오,101.98,202103,9,"82,500",11,2013,송도문화로28번길 28,
인천광역시 연수구 송도동,190-2,190,2,글로벌캠퍼스푸르지오,101.98,202103,16,"89,000",36,2013,송도문화로28번길 28,
인천광역시 연수구 송도동,190-2,190,2,글로벌캠퍼스푸르지오,101.25,202103,20,"85,000",14,2013,송도문화로28번길 28,
인천광역시 연수구 송도동,192-1,192,1,더샵그린스퀘어,98.2428,202103,9,"93,000",37,2014,송도문화로28번길 81,
인천광역시 연수구 송도동,192-1,192,1,더샵그린스퀘어,115.7688,202103,10,"110,000",30,2014,송도문화로28번길 81,
인천광역시 연수구 송도동,192-1,192,1,더샵그린스퀘어,84.8669,202103,12,"77,000",20,2014,송도문화로28번길 81,
인천광역시 연수구 송도동,192-1,192,1,더샵그린스퀘어,84.8516,202103,16,"76,000",4,2014,송도문화로28번길 81,
인천광역시 연수구 송도동,192-1,192,1,더샵그린스퀘어,98.2428,202103,19,"83,000",5,2014,송도문화로28번길 81,
인천광역시 연수구 송도동,192-1,192,1,더샵그린스퀘어,125.9313,202103,19,"89,000",2,2014,송도문화로28번길 81,
인천광역시 연수구 송도동,192-1,192,1,더샵그린스퀘어,84.8669,202103,20,"76,200",12,2014,송도문화로28번길 81,
인천광역시 연수구 송도동,192-1,192,1,더샵그린스퀘어,84.8669,202103,24,"77,500",2,2014,송도문화로28번길 81,
인천광역시 연수구 송도동,192-1,192,1,더샵그린스퀘어,84.8669,202103,27,"83,200",31,2014,송도문화로28번길 81,
인천광역시 연수구 송도동,18-6,18,6,더샵그린워크1차,72.5113,202103,7,"75,500",13,2014,아트센터대로97번길 30,
인천광역시 연수구 송도동,18-6,18,6,더샵그린워크1차,84.8682,202103,11,"85,000",26,2014,아트센터대로97번길 30,
인천광역시 연수구 송도동,18-6,18,6,더샵그린워크1차,59.9201,202103,20,"70,000",17,2014,아트센터대로97번길 30,
인천광역시 연수구 송도동,18-6,18,6,더샵그린워크1차,59.9201,202103,21,"67,500",23,2014,아트센터대로97번길 30,
인천광역시 연수구 송도동,17-3,17,3,더샵그린워크2차,84.9859,202103,6,"84,000",21,2014,아트센터대로97번길 15,
인천광역시 연수구 송도동,23-3,23,3,더샵센트럴파크1,106.9262,202103,1,"90,000",24,2010,센트럴로 232,
인천광역시 연수구 송도동,23-3,23,3,더샵센트럴파크1,152.3334,202103,3,"150,000",30,2010,센트럴로 232,
인천광역시 연수구 송도동,23-3,23,3,더샵센트럴파크1,106.9262,202103,3,"95,000",18,2010,센트럴로 232,
인천광역시 연수구 송도동,23-3,23,3,더샵센트럴파크1,106.9262,202103,19,"104,800",38,2010,센트럴로 232,
인천광역시 연수구 송도동,23-3,23,3,더샵센트럴파크1,179.0018,202103,29,"188,000",24,2010,센트럴로 232,
인천광역시 연수구 송도동,23-4,23,4,더샵센트럴파크2,146.5057,202103,9,"172,000",35,2011,센트럴로 194,
인천광역시 연수구 송도동,23-4,23,4,더샵센트럴파크2,146.9993,202103,9,"129,500",5,2011,센트럴로 194,
인천광역시 연수구 송도동,23-4,23,4,더샵센트럴파크2,71.7602,202103,11,"66,500",10,2011,센트럴로 194,
인천광역시 연수구 송도동,23-4,23,4,더샵센트럴파크2,71.7602,202103,13,"65,000",21,2011,센트럴로 194,
인천광역시 연수구 송도동,23-4,23,4,더샵센트럴파크2,146.5057,202103,16,"169,000",26,2011,센트럴로 194,
인천광역시 연수구 송도동,23-4,23,4,더샵센트럴파크2,146.5057,202103,22,"171,000",31,2011,센트럴로 194,
인천광역시 연수구 송도동,308-1,308,1,더샵송도 마리나베이,84.4546,202103,1,"75,000",4,2020,랜드마크로 160,
인천광역시 연수구 송도동,308-1,308,1,더샵송도 마리나베이,84.9738,202103,1,"83,000",2,2020,랜드마크로 160,
인천광역시 연수구 송도동,308-1,308,1,더샵송도 마리나베이,84.4546,202103,6,"68,000",9,2020,랜드마크로 160,
인천광역시 연수구 송도동,308-1,308,1,더샵송도 마리나베이,84.916,202103,20,"55,300",10,2020,랜드마크로 160,
인천광역시 연수구 송도동,16-4,16,4,더샵엑스포10단지,115.0662,202103,4,"90,500",6,2009,컨벤시아대로42번길 95,
인천광역시 연수구 송도동,16-4,16,4,더샵엑스포10단지,84.9871,202103,6,"69,000",5,2009,컨벤시아대로42번길 95,
인천광역시 연수구 송도동,16-4,16,4,더샵엑스포10단지,115.0662,202103,8,"85,000",7,2009,컨벤시아대로42번길 95,
인천광역시 연수구 송도동,16-4,16,4,더샵엑스포10단지,84.9871,202103,20,"74,000",8,2009,컨벤시아대로42번길 95,
인천광역시 연수구 송도동,16-4,16,4,더샵엑스포10단지,115.0662,202103,20,"80,000",3,2009,컨벤시아대로42번길 95,
인천광역시 연수구 송도동,16-6,16,6,더샵엑스포9단지,84.9871,202103,5,"70,000",20,2009,컨벤시아대로42번길 77,
인천광역시 연수구 송도동,16-6,16,6,더샵엑스포9단지,84.9871,202103,8,"69,500",17,2009,컨벤시아대로42번길 77,
인천광역시 연수구 송도동,4-1,4,1,더샵퍼스트월드,141.162,202103,1,"130,000",51,2009,해돋이로 107,
인천광역시 연수구 송도동,4-1,4,1,더샵퍼스트월드,125.967,202103,5,"97,000",41,2009,해돋이로 107,
인천광역시 연수구 송도동,4-1,4,1,더샵퍼스트월드,147.358,202103,6,"130,000",30,2009,해돋이로 107,
인천광역시 연수구 송도동,4-1,4,1,더샵퍼스트월드,111.366,202103,6,"130,000",21,2009,해돋이로 107,
인천광역시 연수구 송도동,4-1,4,1,더샵퍼스트월드,120.869,202103,8,"88,000",54,2009,해돋이로 107,
인천광역시 연수구 송도동,4-1,4,1,더샵퍼스트월드,125.967,202103,9,"95,000",31,2009,해돋이로 107,
인천광역시 연수구 송도동,4-1,4,1,더샵퍼스트월드,146.7,202103,13,"130,000",51,2009,해돋이로 107,
인천광역시 연수구 송도동,4-1,4,1,더샵퍼스트월드,123.02,202103,27,"96,750",16,2009,해돋이로 107,
인천광역시 연수구 송도동,311,311,0,랜드마크시티 센트럴 더샵,84.9999,202103,3,"79,000",48,2020,랜드마크로 68,
인천광역시 연수구 송도동,150,150,0,롯데캐슬,110.253,202103,20,"83,000",14,2012,송도과학로27번길 70,
인천광역시 연수구 송도동,149,149,0,롯데캐슬 캠퍼스타운,101.3056,202103,5,"100,000",43,2016,송도과학로27번길 55,
인천광역시 연수구 송도동,149,149,0,롯데캐슬 캠퍼스타운,101.3056,202103,6,"86,950",7,2016,송도과학로27번길 55,
인천광역시 연수구 송도동,149,149,0,롯데캐슬 캠퍼스타운,101.3056,202103,20,"87,500",22,2016,송도과학로27번길 55,20210410
인천광역시 연수구 송도동,149,149,0,롯데캐슬 캠퍼스타운,101.3056,202103,20,"87,500",22,2016,송도과학로27번길 55,
인천광역시 연수구 송도동,149,149,0,롯데캐슬 캠퍼스타운,84.578,202103,29,"76,500",2,2016,송도과학로27번길 55,
인천광역시 연수구 송도동,192-8,192,8,베르디움 더퍼스트,74.5812,202103,10,"65,150",2,2017,송도문화로84번길 84,
인천광역시 연수구 송도동,192-8,192,8,베르디움 더퍼스트,63.9029,202103,13,"63,000",17,2017,송도문화로84번길 84,
인천광역시 연수구 송도동,192-8,192,8,베르디움 더퍼스트,84.9572,202103,13,"80,000",13,2017,송도문화로84번길 84,
인천광역시 연수구 송도동,192-8,192,8,베르디움 더퍼스트,74.5812,202103,16,"71,500",20,2017,송도문화로84번길 84,
인천광역시 연수구 송도동,192-8,192,8,베르디움 더퍼스트,84.9572,202103,17,"83,000",28,2017,송도문화로84번길 84,
인천광역시 연수구 송도동,192-8,192,8,베르디움 더퍼스트,74.5812,202103,18,"66,000",1,2017,송도문화로84번길 84,
인천광역시 연수구 송도동,192-8,192,8,베르디움 더퍼스트,84.8153,202103,21,"73,500",18,2017,송도문화로84번길 84,
인천광역시 연수구 송도동,192-8,192,8,베르디움 더퍼스트,84.9572,202103,26,"79,500",10,2017,송도문화로84번길 84,
인천광역시 연수구 송도동,2-12,2,12,성지리벨루스,84.586,202103,2,"60,500",2,2006,신송로6번길 7,
인천광역시 연수구 송도동,2-12,2,12,성지리벨루스,134.507,202103,13,"78,000",4,2006,신송로6번길 7,
인천광역시 연수구 송도동,2-12,2,12,성지리벨루스,84.586,202103,31,"60,000",5,2006,신송로6번길 7,
인천광역시 연수구 송도동,315-1,315,1,송도 SK VIEW,99.9891,202103,3,"119,700",40,2019,랜드마크로 19,
인천광역시 연수구 송도동,315-1,315,1,송도 SK VIEW,84.9753,202103,6,"95,000",25,2019,랜드마크로 19,
인천광역시 연수구 송도동,315-1,315,1,송도 SK VIEW,84.6541,202103,11,"87,500",6,2019,랜드마크로 19,
인천광역시 연수구 송도동,315-1,315,1,송도 SK VIEW,84.9753,202103,14,"90,000",37,2019,랜드마크로 19,
인천광역시 연수구 송도동,18-5,18,5,송도 더샵 그린워크 3차(17-1블럭),84.72,202103,13,"85,000",20,2015,아트센터대로97번길 20,
인천광역시 연수구 송도동,19-3,19,3,송도 더샵 그린워크 3차(18-1블럭),84.89,202103,4,"87,700",14,2015,컨벤시아대로130번길 100,
인천광역시 연수구 송도동,19-3,19,3,송도 더샵 그린워크 3차(18-1블럭),84.89,202103,4,"86,700",7,2015,컨벤시아대로130번길 100,
인천광역시 연수구 송도동,19-3,19,3,송도 더샵 그린워크 3차(18-1블럭),117.39,202103,6,"92,000",5,2015,컨벤시아대로130번길 100,
인천광역시 연수구 송도동,19-3,19,3,송도 더샵 그린워크 3차(18-1블럭),84.89,202103,20,"69,500",4,2015,컨벤시아대로130번길 100,
인천광역시 연수구 송도동,19-3,19,3,송도 더샵 그린워크 3차(18-1블럭),84.73,202103,26,"78,800",7,2015,컨벤시아대로130번길 100,
인천광역시 연수구 송도동,110,110,0,송도 더샵 마스터뷰 21BL,72.59,202103,2,"75,000",28,2015,컨벤시아대로274번길 55,
인천광역시 연수구 송도동,110,110,0,송도 더샵 마스터뷰 21BL,84.94,202103,13,"102,000",18,2015,컨벤시아대로274번길 55,
인천광역시 연수구 송도동,110,110,0,송도 더샵 마스터뷰 21BL,148.72,202103,22,"169,500",28,2015,컨벤시아대로274번길 55,
인천광역시 연수구 송도동,111,111,0,송도 더샵 마스터뷰 22BL,84.92,202103,1,"89,500",4,2015,컨벤시아대로274번길 35,
인천광역시 연수구 송도동,111,111,0,송도 더샵 마스터뷰 22BL,72.59,202103,6,"80,000",4,2015,컨벤시아대로274번길 35,
인천광역시 연수구 송도동,111,111,0,송도 더샵 마스터뷰 22BL,125.51,202103,9,"130,000",19,2015,컨벤시아대로274번길 35,
인천광역시 연수구 송도동,112,112,0,송도 더샵 마스터뷰 23-1BL,84.94,202103,1,"105,000",26,2015,컨벤시아대로274번길 15,
인천광역시 연수구 송도동,112,112,0,송도 더샵 마스터뷰 23-1BL,72.59,202103,7,"78,700",11,2015,컨벤시아대로274번길 15,
인천광역시 연수구 송도동,112,112,0,송도 더샵 마스터뷰 23-1BL,125.51,202103,10,"122,500",8,2015,컨벤시아대로274번길 15,
인천광역시 연수구 송도동,112,112,0,송도 더샵 마스터뷰 23-1BL,84.92,202103,25,"94,000",27,2015,컨벤시아대로274번길 15,
인천광역시 연수구 송도동,190-4,190,4,송도 더샵 센트럴시티,59.99,202103,1,"66,000",33,2018,송도국제대로 261,
인천광역시 연수구 송도동,190-4,190,4,송도 더샵 센트럴시티,59.97,202103,1,"68,200",36,2018,송도국제대로 261,
인천광역시 연수구 송도동,190-4,190,4,송도 더샵 센트럴시티,59.97,202103,6,"66,800",9,2018,송도국제대로 261,
인천광역시 연수구 송도동,190-4,190,4,송도 더샵 센트럴시티,59.99,202103,10,"65,000",13,2018,송도국제대로 261,
인천광역시 연수구 송도동,190-4,190,4,송도 더샵 센트럴시티,59.97,202103,11,"60,000",7,2018,송도국제대로 261,
인천광역시 연수구 송도동,190-4,190,4,송도 더샵 센트럴시티,84.97,202103,12,"90,600",14,2018,송도국제대로 261,
인천광역시 연수구 송도동,190-4,190,4,송도 더샵 센트럴시티,59.99,202103,15,"65,000",20,2018,송도국제대로 261,
인천광역시 연수구 송도동,190-4,190,4,송도 더샵 센트럴시티,84.97,202103,26,"89,800",28,2018,송도국제대로 261,
인천광역시 연수구 송도동,190-4,190,4,송도 더샵 센트럴시티,59.97,202103,27,"70,800",32,2018,송도국제대로 261,
인천광역시 연수구 송도동,190-4,190,4,송도 더샵 센트럴시티,59.99,202103,29,"65,000",26,2018,송도국제대로 261,
인천광역시 연수구 송도동,101,101,0,송도 더샵 퍼스트파크 F14BL,68.72,202103,4,"84,200",2,2017,컨벤시아대로252번길 50,
인천광역시 연수구 송도동,101,101,0,송도 더샵 퍼스트파크 F14BL,68.72,202103,13,"85,000",12,2017,컨벤시아대로252번길 50,
인천광역시 연수구 송도동,102,102,0,송도 더샵 퍼스트파크 F15BL,59.89,202103,14,"83,500",11,2017,컨벤시아대로252번길 30,
인천광역시 연수구 송도동,23-5,23,5,송도 센트럴파크 푸르지오,96.934,202103,12,"120,000",10,2015,센트럴로 160,
인천광역시 연수구 송도동,23-5,23,5,송도 센트럴파크 푸르지오,96.934,202103,24,"132,000",15,2015,센트럴로 160,
인천광역시 연수구 송도동,191-4,191,4,송도 에듀포레 푸르지오,72.253,202103,1,"75,000",19,2016,송도문화로84번길 24,
인천광역시 연수구 송도동,191-4,191,4,송도 에듀포레 푸르지오,84.852,202103,2,"85,000",8,2016,송도문화로84번길 24,
인천광역시 연수구 송도동,161-3,161,3,송도 캐슬&해모로,84.637,202103,23,"65,000",13,2013,송도과학로51번길 136,
인천광역시 연수구 송도동,161-3,161,3,송도 캐슬&해모로,84.4024,202103,25,"75,000",13,2013,송도과학로51번길 136,
인천광역시 연수구 송도동,191-2,191,2,송도글로벌파크베르디움,63.9721,202103,2,"69,500",22,2017,송도문화로28번길 27,20210403
인천광역시 연수구 송도동,191-2,191,2,송도글로벌파크베르디움,63.9721,202103,8,"69,800",32,2017,송도문화로28번길 27,
인천광역시 연수구 송도동,191-2,191,2,송도글로벌파크베르디움,84.9599,202103,15,"60,000",14,2017,송도문화로28번길 27,
인천광역시 연수구 송도동,191-2,191,2,송도글로벌파크베르디움,63.9498,202103,20,"64,500",5,2017,송도문화로28번길 27,
인천광역시 연수구 송도동,191-2,191,2,송도글로벌파크베르디움,84.9359,202103,20,"97,000",17,2017,송도문화로28번길 27,
인천광역시 연수구 송도동,191-2,191,2,송도글로벌파크베르디움,63.9721,202103,27,"66,000",3,2017,송도문화로28번길 27,
인천광역시 연수구 송도동,191-2,191,2,송도글로벌파크베르디움,84.9359,202103,27,"90,000",16,2017,송도문화로28번길 27,
인천광역시 연수구 송도동,3-38,3,38,송도금호어울림,134.58,202103,8,"75,000",10,2005,해돋이로84번길 30,
인천광역시 연수구 송도동,16-8,16,8,송도더샵그린애비뉴7단지,101.9444,202103,7,"85,000",21,2012,컨벤시아대로42번길 35,
인천광역시 연수구 송도동,16-8,16,8,송도더샵그린애비뉴7단지,84.992,202103,17,"75,000",6,2012,컨벤시아대로42번길 35,
인천광역시 연수구 송도동,16-7,16,7,송도더샵그린애비뉴8단지,129.1677,202103,1,"105,000",11,2012,컨벤시아대로42번길 61,
인천광역시 연수구 송도동,16-7,16,7,송도더샵그린애비뉴8단지,129.1677,202103,26,"104,900",7,2012,컨벤시아대로42번길 61,
인천광역시 연수구 송도동,17-5,17,5,송도더샵하버뷰(D13),147.823,202103,6,"124,000",30,2011,아트센터대로97번길 75,
인천광역시 연수구 송도동,17-5,17,5,송도더샵하버뷰(D13),195.417,202103,15,"220,000",33,2011,아트센터대로97번길 75,
인천광역시 연수구 송도동,18-10,18,10,송도더샵하버뷰(D14),101.965,202103,5,"89,700",15,2011,아트센터대로97번길 76,
인천광역시 연수구 송도동,18-10,18,10,송도더샵하버뷰(D14),134.305,202103,6,"99,000",6,2011,아트센터대로97번길 76,
인천광역시 연수구 송도동,18-10,18,10,송도더샵하버뷰(D14),101.454,202103,26,"88,900",12,2011,아트센터대로97번길 76,
인천광역시 연수구 송도동,18-7,18,7,송도더샵하버뷰(D15),119.4815,202103,2,"82,000",14,2012,아트센터대로97번길 56,
인천광역시 연수구 송도동,18-7,18,7,송도더샵하버뷰(D15),119.4815,202103,20,"95,000",3,2012,아트센터대로97번길 56,
인천광역시 연수구 송도동,18-7,18,7,송도더샵하버뷰(D15),120.0626,202103,23,"104,200",17,2012,아트센터대로97번길 56,
인천광역시 연수구 송도동,155,155,0,송도아메리칸타운아이파크,64.168,202103,25,"59,000",16,2018,송도과학로27번길 15,
인천광역시 연수구 송도동,33-1,33,1,송도아트윈푸르지오,84.98,202103,20,"79,800",4,2015,인천타워대로 253-25,
인천광역시 연수구 송도동,33-1,33,1,송도아트윈푸르지오,106.78,202103,26,"125,000",32,2015,인천타워대로 253-25,
인천광역시 연수구 송도동,9-31,9,31,송도웰카운티1단지,149.59,202103,6,"92,500",3,2008,해송로 143,
인천광역시 연수구 송도동,9-31,9,31,송도웰카운티1단지,101.99,202103,12,"60,000",8,2008,해송로 143,
인천광역시 연수구 송도동,9-31,9,31,송도웰카운티1단지,84.96,202103,24,"80,000",8,2008,해송로 143,
인천광역시 연수구 송도동,9-29,9,29,송도웰카운티2단지,149.59,202103,2,"52,500",7,2007,해송로 70,
인천광역시 연수구 송도동,9-29,9,29,송도웰카운티2단지,84.97,202103,5,"76,200",6,2007,해송로 70,
인천광역시 연수구 송도동,9-29,9,29,송도웰카운티2단지,119.91,202103,18,"85,000",6,2007,해송로 70,
인천광역시 연수구 송도동,9-29,9,29,송도웰카운티2단지,180.5,202103,25,"111,000",12,2007,해송로 70,
인천광역시 연수구 송도동,9-29,9,29,송도웰카운티2단지,101.99,202103,31,"87,000",8,2007,해송로 70,
인천광역시 연수구 송도동,9-5,9,5,송도웰카운티4단지,84.87,202103,27,"82,000",4,2010,해송로30번길 20,
인천광역시 연수구 송도동,2-3,2,3,송도이안,131.76,202103,11,"64,000",12,2006,컨벤시아대로 55,
인천광역시 연수구 송도동,2-3,2,3,송도이안,131.76,202103,20,"65,000",20,2006,컨벤시아대로 55,
인천광역시 연수구 송도동,19-6,19,6,송도자이하버뷰1단지,148.612,202103,24,"110,000",4,2011,컨벤시아대로130번길 58,
인천광역시 연수구 송도동,19-7,19,7,송도자이하버뷰2단지,101.7,202103,4,"84,000",2,2011,컨벤시아대로130번길 32,
인천광역시 연수구 송도동,19-7,19,7,송도자이하버뷰2단지,120.745,202103,9,"105,000",10,2011,컨벤시아대로130번길 32,
인천광역시 연수구 송도동,19-7,19,7,송도자이하버뷰2단지,148.612,202103,15,"114,500",9,2011,컨벤시아대로130번길 32,
인천광역시 연수구 송도동,15-12,15,12,송도코오롱더프라우1단지,148.308,202103,13,"76,500",5,2009,컨벤시아대로42번길 8,
인천광역시 연수구 송도동,15-11,15,11,송도코오롱더프라우2단지,134.818,202103,23,"78,000",8,2009,컨벤시아대로42번길 12,
인천광역시 연수구 송도동,15-10,15,10,송도코오롱더프라우3단지,129.394,202103,25,"74,700",19,2012,컨벤시아대로42번길 20,
인천광역시 연수구 송도동,22-21,22,21,송도푸르지오월드마크7단지,138.274,202103,8,"79,000",17,2010,컨벤시아대로 116,
인천광역시 연수구 송도동,19-5,19,5,송도푸르지오하버뷰,150.9032,202103,3,"128,500",22,2011,컨벤시아대로130번길 80,
인천광역시 연수구 송도동,19-5,19,5,송도푸르지오하버뷰,267.6937,202103,15,"260,000",38,2011,컨벤시아대로130번길 80,
인천광역시 연수구 송도동,19-5,19,5,송도푸르지오하버뷰,127.1238,202103,27,"100,000",12,2011,컨벤시아대로130번길 80,
인천광역시 연수구 송도동,2-7,2,7,송도풍림아이원1단지,84.7167,202103,12,"62,700",13,2005,신송로118번길 6,
인천광역시 연수구 송도동,2-7,2,7,송도풍림아이원1단지,84.7167,202103,27,"63,300",9,2005,신송로118번길 6,
인천광역시 연수구 송도동,3-10,3,10,송도풍림아이원2단지,84.94,202103,14,"65,000",5,2005,해돋이로120번길 16,
인천광역시 연수구 송도동,3-10,3,10,송도풍림아이원2단지,84.94,202103,16,"63,000",10,2005,해돋이로120번길 16,
인천광역시 연수구 송도동,3-10,3,10,송도풍림아이원2단지,84.94,202103,16,"66,000",17,2005,해돋이로120번길 16,
인천광역시 연수구 송도동,3-10,3,10,송도풍림아이원2단지,84.94,202103,20,"60,000",14,2005,해돋이로120번길 16,
인천광역시 연수구 송도동,3-10,3,10,송도풍림아이원2단지,84.94,202103,30,"63,800",7,2005,해돋이로120번길 16,
인천광역시 연수구 송도동,3-10,3,10,송도풍림아이원2단지,84.94,202103,31,"65,500",12,2005,해돋이로120번길 16,
인천광역시 연수구 송도동,3-13,3,13,송도풍림아이원3단지,84.94,202103,3,"61,000",12,2005,해돋이로84번길 29,
인천광역시 연수구 송도동,3-13,3,13,송도풍림아이원3단지,84.94,202103,5,"59,000",8,2005,해돋이로84번길 29,
인천광역시 연수구 송도동,3-13,3,13,송도풍림아이원3단지,84.94,202103,29,"55,000",15,2005,해돋이로84번길 29,
인천광역시 연수구 송도동,2-9,2,9,송도풍림아이원4단지,84.7159,202103,2,"55,200",4,2005,신송로82번길 6,
인천광역시 연수구 송도동,2-9,2,9,송도풍림아이원4단지,84.7159,202103,13,"59,000",7,2005,신송로82번길 6,
인천광역시 연수구 송도동,2-9,2,9,송도풍림아이원4단지,84.7159,202103,23,"50,000",1,2005,신송로82번길 6,
인천광역시 연수구 송도동,2-9,2,9,송도풍림아이원4단지,84.7159,202103,28,"59,400",9,2005,신송로82번길 6,
인천광역시 연수구 송도동,3-40,3,40,송도풍림아이원6단지,156.4122,202103,7,"72,000",7,2005,해돋이로84번길 10,
인천광역시 연수구 송도동,3-40,3,40,송도풍림아이원6단지,130.5791,202103,13,"67,500",1,2005,해돋이로84번길 10,
인천광역시 연수구 송도동,3-40,3,40,송도풍림아이원6단지,156.4122,202103,16,"74,000",6,2005,해돋이로84번길 10,
인천광역시 연수구 송도동,3-44,3,44,송도한진해모로,84.1224,202103,6,"66,000",2,2006,해돋이로6번길 33,
인천광역시 연수구 송도동,3-44,3,44,송도한진해모로,101.8519,202103,9,"73,900",14,2006,해돋이로6번길 33,
인천광역시 연수구 송도동,3-44,3,44,송도한진해모로,84.9574,202103,31,"67,500",17,2006,해돋이로6번길 33,
인천광역시 연수구 송도동,22-18,22,18,스위트리아 송도,49.5896,202103,1,"27,500",7,2017,컨벤시아대로130번길 12,
인천광역시 연수구 송도동,22-18,22,18,스위트리아 송도,49.5896,202103,17,"27,900",4,2017,컨벤시아대로130번길 12,20210421
인천광역시 연수구 송도동,22-18,22,18,스위트리아 송도,49.5896,202103,17,"27,900",4,2017,컨벤시아대로130번길 12,
인천광역시 연수구 송도동,22-18,22,18,스위트리아 송도,49.9833,202103,26,"29,700",9,2017,컨벤시아대로130번길 12,
인천광역시 연수구 송도동,22-18,22,18,스위트리아 송도,49.9833,202103,27,"29,000",7,2017,컨벤시아대로130번길 12,
인천광역시 연수구 송도동,3-46,3,46,아이파크송도,101.8545,202103,12,"72,000",4,2005,해돋이로6번길 7,
인천광역시 연수구 송도동,3-46,3,46,아이파크송도,101.617,202103,31,"74,900",9,2005,해돋이로6번길 7,
인천광역시 연수구 송도동,2-5,2,5,위드프리상뜨,120.06,202103,5,"49,500",15,2006,신송로118번길 9,
인천광역시 연수구 송도동,21-64,21,64,인천송도힐스테이트5단지,170.055,202103,13,"88,000",10,2011,컨벤시아대로 90,
인천광역시 연수구 송도동,21-65,21,65,인천송도힐스테이트6단지,142.1275,202103,9,"78,000",18,2011,컨벤시아대로 100,
인천광역시 연수구 송도동,21-65,21,65,인천송도힐스테이트6단지,173.295,202103,11,"85,000",10,2011,컨벤시아대로 100,
인천광역시 연수구 송도동,21-65,21,65,인천송도힐스테이트6단지,173.295,202103,12,"77,500",19,2011,컨벤시아대로 100,
인천광역시 연수구 송도동,157,157,0,해모로월드뷰,84.9207,202103,3,"84,000",17,2012,송도과학로27번길 30,
인천광역시 연수구 송도동,310-1,310,1,호반베르디움 에듀시티,75.9833,202103,5,"58,000",34,2020,랜드마크로 110,
인천광역시 연수구 송도동,310-1,310,1,호반베르디움 에듀시티,84.795,202103,21,"64,000",32,2020,랜드마크로 110,
인천광역시 연수구 송도동,397-11,397,11,힐스테이트레이크송도1차,84.97,202103,7,"93,000",14,2019,아카데미로312번길 177,
인천광역시 연수구 연수동,633,633,0,대동,75.12,202103,3,"38,500",14,1993,벚꽃로 172,
인천광역시 연수구 연수동,633,633,0,대동,52.14,202103,3,"28,000",8,1993,벚꽃로 172,
인천광역시 연수구 연수동,633,633,0,대동,52.14,202103,5,"24,000",8,1993,벚꽃로 172,
인천광역시 연수구 연수동,633,633,0,대동,75.12,202103,7,"34,850",1,1993,벚꽃로 172,
인천광역시 연수구 연수동,633,633,0,대동,52.14,202103,7,"29,900",14,1993,벚꽃로 172,
인천광역시 연수구 연수동,633,633,0,대동,52.14,202103,13,"26,800",2,1993,벚꽃로 172,
인천광역시 연수구 연수동,633,633,0,대동,52.14,202103,17,"29,500",11,1993,벚꽃로 172,
인천광역시 연수구 연수동,633,633,0,대동,52.14,202103,17,"29,300",11,1993,벚꽃로 172,
인천광역시 연수구 연수동,633,633,0,대동,52.14,202103,17,"29,500",6,1993,벚꽃로 172,
인천광역시 연수구 연수동,633,633,0,대동,52.14,202103,20,"30,000",9,1993,벚꽃로 172,
인천광역시 연수구 연수동,633,633,0,대동,52.14,202103,22,"29,500",8,1993,벚꽃로 172,
인천광역시 연수구 연수동,540,540,0,문남마을,49.24,202103,6,"21,800",3,1994,함박뫼로 100,
인천광역시 연수구 연수동,540,540,0,문남마을,49.24,202103,6,"19,850",4,1994,함박뫼로 100,
인천광역시 연수구 연수동,540,540,0,문남마을,49.24,202103,9,"21,000",3,1994,함박뫼로 100,
인천광역시 연수구 연수동,540,540,0,문남마을,49.24,202103,19,"22,000",2,1994,함박뫼로 100,
인천광역시 연수구 연수동,540,540,0,문남마을,49.24,202103,29,"23,000",5,1994,함박뫼로 100,
인천광역시 연수구 연수동,538,538,0,성일,39.74,202103,1,"15,500",8,1994,새말로 20,
인천광역시 연수구 연수동,538,538,0,성일,39.74,202103,8,"16,800",4,1994,새말로 20,
인천광역시 연수구 연수동,538,538,0,성일,59.75,202103,9,"20,500",1,1994,새말로 20,
인천광역시 연수구 연수동,538,538,0,성일,39.74,202103,13,"18,700",9,1994,새말로 20,
인천광역시 연수구 연수동,538,538,0,성일,39.74,202103,17,"17,500",4,1994,새말로 20,
인천광역시 연수구 연수동,538,538,0,성일,59.75,202103,20,"22,000",6,1994,새말로 20,
인천광역시 연수구 연수동,538,538,0,성일,59.75,202103,27,"23,000",12,1994,새말로 20,
인천광역시 연수구 연수동,538,538,0,성일,39.74,202103,27,"17,300",1,1994,새말로 20,
인천광역시 연수구 연수동,538,538,0,성일,59.75,202103,29,"19,000",11,1994,새말로 20,
인천광역시 연수구 연수동,578-1,578,1,세경,51.75,202103,2,"18,000",10,1997,새말로 134,
인천광역시 연수구 연수동,578-1,578,1,세경,51.75,202103,2,"19,500",4,1997,새말로 134,
인천광역시 연수구 연수동,578-1,578,1,세경,51.75,202103,2,"19,500",7,1997,새말로 134,
인천광역시 연수구 연수동,578-1,578,1,세경,51.75,202103,5,"20,000",10,1997,새말로 134,
인천광역시 연수구 연수동,578-1,578,1,세경,36.27,202103,8,"13,500",5,1997,새말로 134,
인천광역시 연수구 연수동,578-1,578,1,세경,51.75,202103,9,"21,800",13,1997,새말로 134,
인천광역시 연수구 연수동,578-1,578,1,세경,51.75,202103,15,"22,000",6,1997,새말로 134,
인천광역시 연수구 연수동,578-1,578,1,세경,51.75,202103,18,"21,900",6,1997,새말로 134,
인천광역시 연수구 연수동,578-1,578,1,세경,51.75,202103,20,"17,500",15,1997,새말로 134,
인천광역시 연수구 연수동,578-1,578,1,세경,51.75,202103,26,"23,500",8,1997,새말로 134,
인천광역시 연수구 연수동,578-1,578,1,세경,51.75,202103,30,"22,000",5,1997,새말로 134,
인천광역시 연수구 연수동,582-2,582,2,솔밭마을아파트,49.56,202103,2,"18,500",2,1993,원인재로 232,
인천광역시 연수구 연수동,582-2,582,2,솔밭마을아파트,49.56,202103,4,"20,500",14,1993,원인재로 232,
인천광역시 연수구 연수동,582-2,582,2,솔밭마을아파트,49.56,202103,6,"19,500",6,1993,원인재로 232,
인천광역시 연수구 연수동,582-2,582,2,솔밭마을아파트,49.56,202103,6,"21,700",13,1993,원인재로 232,
인천광역시 연수구 연수동,582-2,582,2,솔밭마을아파트,49.56,202103,7,"18,900",1,1993,원인재로 232,
인천광역시 연수구 연수동,582-2,582,2,솔밭마을아파트,49.56,202103,8,"22,000",5,1993,원인재로 232,
인천광역시 연수구 연수동,582-2,582,2,솔밭마을아파트,49.56,202103,8,"16,000",13,1993,원인재로 232,
인천광역시 연수구 연수동,582-2,582,2,솔밭마을아파트,49.56,202103,9,"18,800",1,1993,원인재로 232,
인천광역시 연수구 연수동,582-2,582,2,솔밭마을아파트,49.56,202103,13,"19,900",2,1993,원인재로 232,
인천광역시 연수구 연수동,582-2,582,2,솔밭마을아파트,49.56,202103,14,"22,000",7,1993,원인재로 232,
인천광역시 연수구 연수동,582-2,582,2,솔밭마을아파트,49.56,202103,16,"20,000",6,1993,원인재로 232,
인천광역시 연수구 연수동,582-2,582,2,솔밭마을아파트,49.56,202103,16,"22,000",2,1993,원인재로 232,
인천광역시 연수구 연수동,582-2,582,2,솔밭마을아파트,49.56,202103,17,"24,000",14,1993,원인재로 232,
인천광역시 연수구 연수동,582-2,582,2,솔밭마을아파트,49.56,202103,18,"24,500",12,1993,원인재로 232,
인천광역시 연수구 연수동,582-2,582,2,솔밭마을아파트,49.56,202103,20,"20,500",2,1993,원인재로 232,
인천광역시 연수구 연수동,582-2,582,2,솔밭마을아파트,49.56,202103,22,"20,800",12,1993,원인재로 232,
인천광역시 연수구 연수동,582-2,582,2,솔밭마을아파트,49.56,202103,25,"24,000",15,1993,원인재로 232,
인천광역시 연수구 연수동,582-2,582,2,솔밭마을아파트,49.56,202103,27,"21,500",14,1993,원인재로 232,
인천광역시 연수구 연수동,582-2,582,2,솔밭마을아파트,49.56,202103,27,"24,850",12,1993,원인재로 232,
인천광역시 연수구 연수동,582-2,582,2,"승기마을,연수1차시영",50.67,202103,2,"18,500",10,1992,원인재로 212,
인천광역시 연수구 연수동,582-2,582,2,"승기마을,연수1차시영",26.82,202103,4,"11,900",11,1992,원인재로 212,
인천광역시 연수구 연수동,582-2,582,2,"승기마을,연수1차시영",26.82,202103,6,"13,000",4,1992,원인재로 212,
인천광역시 연수구 연수동,582-2,582,2,"승기마을,연수1차시영",26.82,202103,6,"13,300",15,1992,원인재로 212,
인천광역시 연수구 연수동,582-2,582,2,"승기마을,연수1차시영",26.82,202103,10,"14,000",9,1992,원인재로 212,
인천광역시 연수구 연수동,582-2,582,2,"승기마을,연수1차시영",26.82,202103,11,"13,000",11,1992,원인재로 212,
인천광역시 연수구 연수동,582-2,582,2,"승기마을,연수1차시영",26.82,202103,29,"14,800",12,1992,원인재로 212,
인천광역시 연수구 연수동,582-2,582,2,"승기마을,연수1차시영",26.82,202103,29,"15,000",9,1992,원인재로 212,
인천광역시 연수구 연수동,582-2,582,2,"승기마을,연수1차시영",50.67,202103,30,"22,500",4,1992,원인재로 212,
인천광역시 연수구 연수동,533,533,0,연수주공2차,49.94,202103,2,"18,300",11,1992,원인재로 315,
인천광역시 연수구 연수동,533,533,0,연수주공2차,41.3,202103,3,"17,400",7,1992,원인재로 315,
인천광역시 연수구 연수동,533,533,0,연수주공2차,41.3,202103,4,"19,800",14,1992,원인재로 315,
인천광역시 연수구 연수동,533,533,0,연수주공2차,49.94,202103,5,"18,500",4,1992,원인재로 315,
인천광역시 연수구 연수동,533,533,0,연수주공2차,49.94,202103,6,"19,950",14,1992,원인재로 315,
인천광역시 연수구 연수동,533,533,0,연수주공2차,41.3,202103,13,"18,500",15,1992,원인재로 315,
인천광역시 연수구 연수동,533,533,0,연수주공2차,49.94,202103,16,"18,000",5,1992,원인재로 315,
인천광역시 연수구 연수동,533,533,0,연수주공2차,49.94,202103,19,"21,000",6,1992,원인재로 315,
인천광역시 연수구 연수동,533,533,0,연수주공2차,41.3,202103,19,"19,000",1,1992,원인재로 315,
인천광역시 연수구 연수동,533,533,0,연수주공2차,49.94,202103,21,"18,600",13,1992,원인재로 315,
인천광역시 연수구 연수동,533,533,0,연수주공2차,49.94,202103,23,"20,000",5,1992,원인재로 315,
인천광역시 연수구 연수동,533,533,0,연수주공2차,49.94,202103,31,"20,000",6,1992,원인재로 315,
인천광역시 연수구 연수동,593,593,0,연수푸르지오2단지,122.51,202103,15,"47,000",15,2011,벚꽃로 130-4,
인천광역시 연수구 연수동,596,596,0,연수푸르지오3단지,84.85,202103,5,"43,000",19,2011,먼우금로 218,
인천광역시 연수구 연수동,577,577,0,영남,84.8,202103,8,"27,000",6,1992,새말로 111,
인천광역시 연수구 연수동,577,577,0,영남,84.94,202103,17,"24,500",1,1992,새말로 111,
인천광역시 연수구 연수동,635,635,0,우성1,101.97,202103,6,"42,000",4,1994,청능대로 175,
인천광역시 연수구 연수동,635,635,0,우성1,101.97,202103,17,"47,000",18,1994,청능대로 175,
인천광역시 연수구 연수동,635,635,0,우성1,101.97,202103,27,"53,800",17,1994,청능대로 175,
인천광역시 연수구 연수동,634,634,0,우성2,40.5,202103,1,"18,500",1,1994,원인재로 180,
인천광역시 연수구 연수동,634,634,0,우성2,40.5,202103,1,"22,000",16,1994,원인재로 180,
인천광역시 연수구 연수동,634,634,0,우성2,84.78,202103,4,"44,000",7,1994,원인재로 180,
인천광역시 연수구 연수동,634,634,0,우성2,40.5,202103,4,"22,000",13,1994,원인재로 180,
인천광역시 연수구 연수동,634,634,0,우성2,40.5,202103,5,"21,900",17,1994,원인재로 180,
인천광역시 연수구 연수동,634,634,0,우성2,59.59,202103,6,"34,500",13,1994,원인재로 180,
인천광역시 연수구 연수동,634,634,0,우성2,40.5,202103,6,"21,000",6,1994,원인재로 180,
인천광역시 연수구 연수동,634,634,0,우성2,40.5,202103,13,"22,000",11,1994,원인재로 180,
인천광역시 연수구 연수동,634,634,0,우성2,59.59,202103,13,"40,000",24,1994,원인재로 180,
인천광역시 연수구 연수동,634,634,0,우성2,59.59,202103,16,"39,500",25,1994,원인재로 180,
인천광역시 연수구 연수동,634,634,0,우성2,59.59,202103,17,"40,000",9,1994,원인재로 180,
인천광역시 연수구 연수동,634,634,0,우성2,40.5,202103,20,"21,000",9,1994,원인재로 180,
인천광역시 연수구 연수동,634,634,0,우성2,59.59,202103,27,"37,500",7,1994,원인재로 180,
인천광역시 연수구 연수동,634,634,0,우성2,40.5,202103,27,"21,450",15,1994,원인재로 180,
인천광역시 연수구 연수동,535-2,535,2,우주,84.975,202103,12,"27,000",3,1992,함박뫼로 115,
인천광역시 연수구 연수동,534,534,0,유천,60.07,202103,3,"23,500",9,1993,먼우금로 302,
인천광역시 연수구 연수동,534,534,0,유천,84.87,202103,5,"34,800",13,1993,먼우금로 302,
인천광역시 연수구 연수동,534,534,0,유천,60.07,202103,6,"25,000",11,1993,먼우금로 302,
인천광역시 연수구 연수동,534,534,0,유천,60.07,202103,11,"25,900",12,1993,먼우금로 302,
인천광역시 연수구 연수동,534,534,0,유천,84.87,202103,13,"34,000",5,1993,먼우금로 302,
인천광역시 연수구 연수동,534,534,0,유천,84.87,202103,17,"34,700",5,1993,먼우금로 302,
인천광역시 연수구 연수동,534,534,0,유천,60.07,202103,18,"25,800",2,1993,먼우금로 302,
인천광역시 연수구 연수동,534,534,0,유천,84.87,202103,23,"34,700",3,1993,먼우금로 302,
인천광역시 연수구 연수동,534,534,0,유천,84.87,202103,26,"35,700",13,1993,먼우금로 302,
인천광역시 연수구 연수동,535-2,535,2,인향,84.975,202103,20,"23,700",1,1992,함박뫼로 123,
인천광역시 연수구 연수동,578-2,578,2,주공3,44.66,202103,1,"19,000",13,1993,새말로 154,
인천광역시 연수구 연수동,578-2,578,2,주공3,44.66,202103,1,"20,000",2,1993,새말로 154,
인천광역시 연수구 연수동,578-2,578,2,주공3,44.66,202103,1,"19,000",7,1993,새말로 154,
인천광역시 연수구 연수동,578-2,578,2,주공3,44.66,202103,3,"19,500",8,1993,새말로 154,
인천광역시 연수구 연수동,578-2,578,2,주공3,44.66,202103,5,"20,000",13,1993,새말로 154,
인천광역시 연수구 연수동,578-2,578,2,주공3,44.66,202103,6,"19,700",14,1993,새말로 154,
인천광역시 연수구 연수동,578-2,578,2,주공3,44.66,202103,6,"20,300",5,1993,새말로 154,
인천광역시 연수구 연수동,578-2,578,2,주공3,44.66,202103,6,"21,300",6,1993,새말로 154,
인천광역시 연수구 연수동,578-2,578,2,주공3,44.66,202103,6,"20,500",9,1993,새말로 154,
인천광역시 연수구 연수동,578-2,578,2,주공3,44.66,202103,6,"21,000",2,1993,새말로 154,
인천광역시 연수구 연수동,578-2,578,2,주공3,44.66,202103,9,"21,000",12,1993,새말로 154,
인천광역시 연수구 연수동,578-2,578,2,주공3,44.66,202103,10,"21,200",10,1993,새말로 154,
인천광역시 연수구 연수동,578-2,578,2,주공3,44.66,202103,14,"21,400",11,1993,새말로 154,
인천광역시 연수구 연수동,578-2,578,2,주공3,44.66,202103,14,"20,800",2,1993,새말로 154,
인천광역시 연수구 연수동,578-2,578,2,주공3,44.66,202103,15,"20,000",5,1993,새말로 154,
인천광역시 연수구 연수동,578-2,578,2,주공3,44.66,202103,18,"21,500",10,1993,새말로 154,
인천광역시 연수구 연수동,578-2,578,2,주공3,44.66,202103,20,"20,400",15,1993,새말로 154,
인천광역시 연수구 연수동,578-2,578,2,주공3,44.66,202103,22,"21,000",5,1993,새말로 154,
인천광역시 연수구 연수동,578-2,578,2,주공3,44.66,202103,22,"21,250",14,1993,새말로 154,
인천광역시 연수구 연수동,578-2,578,2,주공3,44.66,202103,23,"21,200",7,1993,새말로 154,
인천광역시 연수구 연수동,578-2,578,2,주공3,44.66,202103,25,"17,400",8,1993,새말로 154,
인천광역시 연수구 연수동,578-2,578,2,주공3,44.66,202103,26,"19,200",14,1993,새말로 154,
인천광역시 연수구 연수동,578-2,578,2,주공3,44.66,202103,27,"21,500",4,1993,새말로 154,
인천광역시 연수구 연수동,578-2,578,2,주공3,44.66,202103,27,"21,500",8,1993,새말로 154,
인천광역시 연수구 연수동,578-2,578,2,주공3,44.66,202103,27,"21,700",5,1993,새말로 154,
인천광역시 연수구 연수동,578-2,578,2,주공3,44.66,202103,29,"21,900",6,1993,새말로 154,
인천광역시 연수구 연수동,578-2,578,2,주공3,44.66,202103,29,"21,000",6,1993,새말로 154,
인천광역시 연수구 연수동,578-2,578,2,주공3,44.66,202103,30,"21,000",5,1993,새말로 154,
인천광역시 연수구 연수동,578-2,578,2,주공3,44.66,202103,30,"21,400",8,1993,새말로 154,
인천광역시 연수구 연수동,578-2,578,2,주공3,44.66,202103,31,"22,950",10,1993,새말로 154,
인천광역시 연수구 연수동,535-2,535,2,태경,84.945,202103,4,"22,400",1,1992,먼우금로 299,
인천광역시 연수구 연수동,576,576,0,태산,84.56,202103,1,"34,500",13,1993,먼우금로 282,
인천광역시 연수구 연수동,576,576,0,태산,84.56,202103,6,"35,500",13,1993,먼우금로 282,
인천광역시 연수구 연수동,576,576,0,태산,84.56,202103,11,"36,500",5,1993,먼우금로 282,
인천광역시 연수구 연수동,576,576,0,태산,84.56,202103,13,"34,500",8,1993,먼우금로 282,
인천광역시 연수구 연수동,576,576,0,태산,84.56,202103,31,"37,900",5,1993,먼우금로 282,
인천광역시 연수구 연수동,582,582,0,풍림1,84.96,202103,6,"36,000",7,1992,함박뫼로 250,
인천광역시 연수구 연수동,582,582,0,풍림1,84.96,202103,12,"30,000",7,1992,함박뫼로 250,
인천광역시 연수구 연수동,537,537,0,효정,84.95,202103,9,"34,500",7,1993,새말로 6,
인천광역시 연수구 연수동,537,537,0,효정,84.95,202103,27,"32,800",13,1993,새말로 6,
인천광역시 연수구 연수동,537,537,0,효정,84.95,202103,30,"35,000",1,1993,새말로 6,
인천광역시 연수구 옥련동,626,626,0,럭키송도,101.49,202103,2,"32,500",18,1993,능허대로79번길 30,
인천광역시 연수구 옥련동,626,626,0,럭키송도,84.765,202103,4,"27,900",2,1993,능허대로79번길 30,
인천광역시 연수구 옥련동,626,626,0,럭키송도,84.765,202103,7,"27,500",2,1993,능허대로79번길 30,
인천광역시 연수구 옥련동,626,626,0,럭키송도,68.61,202103,12,"23,900",2,1993,능허대로79번길 30,
인천광역시 연수구 옥련동,626,626,0,럭키송도,84.765,202103,12,"28,300",3,1993,능허대로79번길 30,
인천광역시 연수구 옥련동,626,626,0,럭키송도,68.61,202103,13,"24,000",16,1993,능허대로79번길 30,
인천광역시 연수구 옥련동,626,626,0,럭키송도,68.61,202103,13,"24,600",12,1993,능허대로79번길 30,
인천광역시 연수구 옥련동,626,626,0,럭키송도,68.61,202103,13,"24,000",15,1993,능허대로79번길 30,
인천광역시 연수구 옥련동,626,626,0,럭키송도,84.765,202103,15,"28,000",15,1993,능허대로79번길 30,
인천광역시 연수구 옥련동,626,626,0,럭키송도,68.61,202103,15,"24,700",10,1993,능허대로79번길 30,
인천광역시 연수구 옥련동,626,626,0,럭키송도,84.765,202103,17,"32,500",6,1993,능허대로79번길 30,
인천광역시 연수구 옥련동,626,626,0,럭키송도,84.765,202103,18,"34,450",14,1993,능허대로79번길 30,
인천광역시 연수구 옥련동,626,626,0,럭키송도,101.49,202103,18,"40,000",5,1993,능허대로79번길 30,
인천광역시 연수구 옥련동,626,626,0,럭키송도,134.94,202103,19,"40,000",9,1993,능허대로79번길 30,
인천광역시 연수구 옥련동,626,626,0,럭키송도,84.765,202103,20,"30,000",7,1993,능허대로79번길 30,
인천광역시 연수구 옥련동,626,626,0,럭키송도,68.61,202103,24,"25,500",6,1993,능허대로79번길 30,
인천광역시 연수구 옥련동,626,626,0,럭키송도,68.61,202103,27,"26,000",17,1993,능허대로79번길 30,
인천광역시 연수구 옥련동,626,626,0,럭키송도,134.94,202103,27,"41,800",12,1993,능허대로79번길 30,
인천광역시 연수구 옥련동,630,630,0,백산,59.76,202103,3,"18,500",23,1994,한나루로79번길 11,
인천광역시 연수구 옥련동,630,630,0,백산,59.76,202103,6,"19,500",5,1994,한나루로79번길 11,
인천광역시 연수구 옥련동,630,630,0,백산,59.76,202103,13,"20,000",5,1994,한나루로79번길 11,20210412
인천광역시 연수구 옥련동,638-1,638,1,백산2,59.98,202103,12,"22,500",21,1997,능허대로123번길 8,
인천광역시 연수구 옥련동,638-1,638,1,백산2,84.8,202103,20,"25,500",4,1997,능허대로123번길 8,
인천광역시 연수구 옥련동,638-1,638,1,백산2,84.8,202103,31,"31,000",20,1997,능허대로123번길 8,
인천광역시 연수구 옥련동,634-1,634,1,삼성,59.98,202103,4,"23,500",12,1996,독배로40번길 18,
인천광역시 연수구 옥련동,634-1,634,1,삼성,84.97,202103,5,"34,500",14,1996,독배로40번길 18,
인천광역시 연수구 옥련동,634-1,634,1,삼성,59.98,202103,5,"22,950",7,1996,독배로40번길 18,
인천광역시 연수구 옥련동,634-1,634,1,삼성,59.98,202103,5,"23,900",7,1996,독배로40번길 18,
인천광역시 연수구 옥련동,634-1,634,1,삼성,59.98,202103,11,"23,800",1,1996,독배로40번길 18,
인천광역시 연수구 옥련동,634-1,634,1,삼성,59.98,202103,13,"25,000",4,1996,독배로40번길 18,
인천광역시 연수구 옥련동,634-1,634,1,삼성,59.98,202103,17,"25,000",9,1996,독배로40번길 18,
인천광역시 연수구 옥련동,634-1,634,1,삼성,59.98,202103,17,"24,500",12,1996,독배로40번길 18,
인천광역시 연수구 옥련동,634-1,634,1,삼성,59.98,202103,20,"23,500",17,1996,독배로40번길 18,
인천광역시 연수구 옥련동,634-1,634,1,삼성,59.98,202103,23,"23,500",3,1996,독배로40번길 18,
인천광역시 연수구 옥련동,634-1,634,1,삼성,59.98,202103,24,"24,000",7,1996,독배로40번길 18,
인천광역시 연수구 옥련동,634-1,634,1,삼성,59.98,202103,28,"25,000",7,1996,독배로40번길 18,
인천광역시 연수구 옥련동,632,632,0,서해,59.885,202103,2,"24,000",18,1995,청량로185번길 16,
인천광역시 연수구 옥련동,632,632,0,서해,59.885,202103,8,"23,400",11,1995,청량로185번길 16,
인천광역시 연수구 옥련동,632,632,0,서해,74.055,202103,8,"30,500",7,1995,청량로185번길 16,
인천광역시 연수구 옥련동,632,632,0,서해,59.885,202103,8,"22,400",15,1995,청량로185번길 16,
인천광역시 연수구 옥련동,632,632,0,서해,59.885,202103,9,"24,500",4,1995,청량로185번길 16,
인천광역시 연수구 옥련동,632,632,0,서해,59.885,202103,10,"22,000",3,1995,청량로185번길 16,
인천광역시 연수구 옥련동,632,632,0,서해,59.885,202103,10,"24,500",7,1995,청량로185번길 16,
인천광역시 연수구 옥련동,632,632,0,서해,59.885,202103,17,"23,850",6,1995,청량로185번길 16,
인천광역시 연수구 옥련동,632,632,0,서해,59.885,202103,27,"23,800",9,1995,청량로185번길 16,
인천광역시 연수구 옥련동,632,632,0,서해,74.055,202103,30,"30,500",5,1995,청량로185번길 16,
인천광역시 연수구 옥련동,118-1,118,1,송학둥지,56.16,202103,13,"20,000",2,1983,비류대로144번길 14,
인천광역시 연수구 옥련동,118-1,118,1,송학둥지,56.46,202103,31,"21,000",1,1983,비류대로144번길 14,
인천광역시 연수구 옥련동,644-1,644,1,쌍용,59.78,202103,6,"21,500",1,1998,청량로 210,
인천광역시 연수구 옥련동,644-1,644,1,쌍용,124.53,202103,6,"41,800",3,1998,청량로 210,
인천광역시 연수구 옥련동,644-1,644,1,쌍용,59.78,202103,9,"25,000",10,1998,청량로 210,
인천광역시 연수구 옥련동,644-1,644,1,쌍용,59.78,202103,13,"27,000",4,1998,청량로 210,
인천광역시 연수구 옥련동,644-1,644,1,쌍용,59.78,202103,14,"26,550",17,1998,청량로 210,
인천광역시 연수구 옥련동,644-1,644,1,쌍용,84.98,202103,15,"39,000",14,1998,청량로 210,
인천광역시 연수구 옥련동,644-1,644,1,쌍용,59.78,202103,17,"24,250",7,1998,청량로 210,
인천광역시 연수구 옥련동,644-1,644,1,쌍용,59.78,202103,17,"23,100",2,1998,청량로 210,
인천광역시 연수구 옥련동,644-1,644,1,쌍용,59.78,202103,18,"28,000",9,1998,청량로 210,
인천광역시 연수구 옥련동,644-1,644,1,쌍용,59.78,202103,19,"24,250",6,1998,청량로 210,
인천광역시 연수구 옥련동,644-1,644,1,쌍용,59.78,202103,19,"22,950",2,1998,청량로 210,
인천광역시 연수구 옥련동,644-1,644,1,쌍용,59.78,202103,31,"26,300",5,1998,청량로 210,
인천광역시 연수구 옥련동,640-1,640,1,아주1,113.46,202103,1,"39,300",17,1997,옥련로99번길 44,
인천광역시 연수구 옥련동,640-1,640,1,아주1,113.46,202103,4,"35,500",2,1997,옥련로99번길 44,
인천광역시 연수구 옥련동,640-1,640,1,아주1,29.7,202103,19,"12,000",10,1997,옥련로99번길 44,20210322
인천광역시 연수구 옥련동,640-1,640,1,아주1,29.7,202103,29,"12,900",10,1997,옥련로99번길 44,
인천광역시 연수구 옥련동,319-9,319,9,영남송도,56.16,202103,18,"27,000",5,1984,비류대로232번길 8,
인천광역시 연수구 옥련동,319-9,319,9,영남송도,58.32,202103,22,"27,000",5,1984,비류대로232번길 8,
인천광역시 연수구 옥련동,645-1,645,1,옥련2우성,78.834,202103,1,"31,000",4,2002,청량로185번길 73,
인천광역시 연수구 옥련동,645-1,645,1,옥련2우성,84.74,202103,28,"37,800",10,2002,청량로185번길 73,
인천광역시 연수구 옥련동,645-1,645,1,옥련2우성,84.74,202103,30,"39,500",13,2002,청량로185번길 73,
인천광역시 연수구 옥련동,636-1,636,1,우성,59.929,202103,3,"23,400",7,1996,독배로40번길 48,
인천광역시 연수구 옥련동,636-1,636,1,우성,84.692,202103,8,"34,500",12,1996,독배로40번길 48,
인천광역시 연수구 옥련동,636-1,636,1,우성,59.929,202103,9,"25,300",13,1996,독배로40번길 48,
인천광역시 연수구 옥련동,636-1,636,1,우성,59.929,202103,20,"25,100",2,1996,독배로40번길 48,
인천광역시 연수구 옥련동,636-1,636,1,우성,59.929,202103,20,"26,000",10,1996,독배로40번길 48,
인천광역시 연수구 옥련동,631,631,0,원흥,84.63,202103,10,"29,500",7,1994,독배로 52,
인천광역시 연수구 옥련동,631,631,0,원흥,84.63,202103,19,"30,000",9,1994,독배로 52,
인천광역시 연수구 옥련동,194-12,194,12,윤성,52.31,202103,15,"10,000",6,1991,능허대로103번길 28,
인천광역시 연수구 옥련동,641-1,641,1,태평,59.93,202103,12,"25,000",2,1997,한나루로193번길 16,
인천광역시 연수구 옥련동,641-1,641,1,태평,59.93,202103,15,"27,500",5,1997,한나루로193번길 16,
인천광역시 연수구 옥련동,641-1,641,1,태평,84.74,202103,16,"34,700",7,1997,한나루로193번길 16,
인천광역시 연수구 옥련동,641-1,641,1,태평,84.74,202103,19,"35,000",4,1997,한나루로193번길 16,
인천광역시 연수구 옥련동,643-2,643,2,풍림,59.96,202103,6,"27,500",9,1998,비류대로186번길 20,
인천광역시 연수구 옥련동,643-2,643,2,풍림,77,202103,19,"31,000",2,1998,비류대로186번길 20,
인천광역시 연수구 옥련동,643-2,643,2,풍림,44.4,202103,27,"19,000",3,1998,비류대로186번길 20,
인천광역시 연수구 옥련동,643-2,643,2,풍림,77,202103,27,"39,500",16,1998,비류대로186번길 20,
인천광역시 연수구 옥련동,642-1,642,1,한국,84.566,202103,3,"28,300",4,1997,청량로199번길 29,
인천광역시 연수구 옥련동,642-1,642,1,한국,84.566,202103,4,"28,200",7,1997,청량로199번길 29,
인천광역시 연수구 옥련동,642-1,642,1,한국,84.566,202103,5,"27,000",9,1997,청량로199번길 29,
인천광역시 연수구 옥련동,642-1,642,1,한국,84.566,202103,10,"28,000",10,1997,청량로199번길 29,
인천광역시 연수구 옥련동,642-1,642,1,한국,84.566,202103,10,"28,500",7,1997,청량로199번길 29,
인천광역시 연수구 옥련동,642-1,642,1,한국,59.986,202103,17,"25,000",11,1997,청량로199번길 29,
인천광역시 연수구 옥련동,642-1,642,1,한국,84.566,202103,18,"30,000",22,1997,청량로199번길 29,
인천광역시 연수구 옥련동,642-1,642,1,한국,84.566,202103,19,"27,000",1,1997,청량로199번길 29,
인천광역시 연수구 옥련동,642-1,642,1,한국,84.566,202103,20,"28,500",10,1997,청량로199번길 29,
인천광역시 연수구 옥련동,642-1,642,1,한국,59.986,202103,20,"25,000",11,1997,청량로199번길 29,
인천광역시 연수구 옥련동,642-1,642,1,한국,59.986,202103,20,"23,800",14,1997,청량로199번길 29,
인천광역시 연수구 옥련동,642-1,642,1,한국,59.986,202103,21,"23,500",10,1997,청량로199번길 29,
인천광역시 연수구 옥련동,642-1,642,1,한국,59.986,202103,23,"23,800",6,1997,청량로199번길 29,
인천광역시 연수구 옥련동,642-1,642,1,한국,59.986,202103,27,"21,400",6,1997,청량로199번길 29,
인천광역시 연수구 옥련동,205-26,205,26,해마루,84.72,202103,31,"24,000",6,2008,독배로82번길 10,
인천광역시 연수구 옥련동,628,628,0,현대1,59.4,202103,6,"19,400",15,1994,옥련로 33,
인천광역시 연수구 옥련동,628,628,0,현대1,59.4,202103,13,"18,000",10,1994,옥련로 33,
인천광역시 연수구 옥련동,628,628,0,현대1,71.265,202103,17,"23,900",14,1994,옥련로 33,
인천광역시 연수구 옥련동,628,628,0,현대1,71.265,202103,19,"23,000",3,1994,옥련로 33,
인천광역시 연수구 옥련동,628,628,0,현대1,43.2,202103,23,"15,500",14,1994,옥련로 33,20210408
인천광역시 연수구 옥련동,628,628,0,현대1,43.2,202103,23,"15,500",14,1994,옥련로 33,
인천광역시 연수구 옥련동,628,628,0,현대1,84.6,202103,27,"29,500",14,1994,옥련로 33,
인천광역시 연수구 옥련동,633,633,0,현대2,84.6,202103,7,"38,500",7,1995,독배로 58,
인천광역시 연수구 옥련동,633,633,0,현대2,84.6,202103,8,"38,000",17,1995,독배로 58,
인천광역시 연수구 옥련동,633,633,0,현대2,84.6,202103,12,"40,000",20,1995,독배로 58,
인천광역시 연수구 옥련동,633,633,0,현대2,59.985,202103,12,"27,000",7,1995,독배로 58,
인천광역시 연수구 옥련동,633,633,0,현대2,59.985,202103,13,"27,000",9,1995,독배로 58,
인천광역시 연수구 옥련동,633,633,0,현대2,84.6,202103,13,"34,850",8,1995,독배로 58,
인천광역시 연수구 옥련동,633,633,0,현대2,84.14,202103,15,"37,900",21,1995,독배로 58,
인천광역시 연수구 옥련동,633,633,0,현대2,59.985,202103,16,"27,800",10,1995,독배로 58,
인천광역시 연수구 옥련동,633,633,0,현대2,84.6,202103,16,"41,000",14,1995,독배로 58,
인천광역시 연수구 옥련동,633,633,0,현대2,84.6,202103,17,"36,500",23,1995,독배로 58,
인천광역시 연수구 옥련동,633,633,0,현대2,84.6,202103,19,"40,000",16,1995,독배로 58,
인천광역시 연수구 옥련동,633,633,0,현대2,84.6,202103,20,"37,000",4,1995,독배로 58,
인천광역시 연수구 옥련동,633,633,0,현대2,84.6,202103,29,"39,800",15,1995,독배로 58,
인천광역시 연수구 옥련동,633,633,0,현대2,84.6,202103,29,"37,400",16,1995,독배로 58,
인천광역시 연수구 옥련동,633,633,0,현대2,59.985,202103,30,"27,500",18,1995,독배로 58,
인천광역시 연수구 옥련동,633,633,0,현대2,59.985,202103,30,"23,500",2,1995,독배로 58,
인천광역시 연수구 옥련동,633,633,0,현대2,59.985,202103,31,"28,400",18,1995,독배로 58,
인천광역시 연수구 옥련동,635-1,635,1,현대3,59.985,202103,8,"27,000",9,1996,능허대로79번길 65,
인천광역시 연수구 옥련동,635-1,635,1,현대3,59.985,202103,8,"23,500",17,1996,능허대로79번길 65,
인천광역시 연수구 옥련동,635-1,635,1,현대3,84.6,202103,11,"30,800",20,1996,능허대로79번길 65,
인천광역시 연수구 옥련동,635-1,635,1,현대3,59.985,202103,27,"25,000",18,1996,능허대로79번길 65,
인천광역시 연수구 옥련동,637-1,637,1,현대4,84.6,202103,6,"39,700",5,1997,한나루로105번길 68,
인천광역시 연수구 옥련동,637-1,637,1,현대4,59.985,202103,8,"28,000",12,1997,한나루로105번길 68,
인천광역시 연수구 옥련동,637-1,637,1,현대4,84.6,202103,8,"39,000",7,1997,한나루로105번길 68,
인천광역시 연수구 옥련동,637-1,637,1,현대4,59.985,202103,8,"28,000",5,1997,한나루로105번길 68,
인천광역시 연수구 옥련동,637-1,637,1,현대4,59.985,202103,10,"26,700",3,1997,한나루로105번길 68,
인천광역시 연수구 옥련동,637-1,637,1,현대4,59.985,202103,16,"28,000",10,1997,한나루로105번길 68,
인천광역시 연수구 옥련동,637-1,637,1,현대4,84.6,202103,19,"42,000",15,1997,한나루로105번길 68,
인천광역시 연수구 옥련동,637-1,637,1,현대4,59.985,202103,22,"28,250",14,1997,한나루로105번길 68,
인천광역시 연수구 옥련동,639-1,639,1,현대5,84.6,202103,7,"40,000",14,1997,한진로 49,
인천광역시 연수구 옥련동,639-1,639,1,현대5,59.985,202103,9,"22,500",1,1997,한진로 49,
인천광역시 연수구 옥련동,639-1,639,1,현대5,84.6,202103,9,"35,000",4,1997,한진로 49,
인천광역시 연수구 옥련동,639-1,639,1,현대5,59.985,202103,27,"29,300",7,1997,한진로 49,
인천광역시 연수구 청학동,538-12,538,12,동남,36.54,202103,3,"8,700",2,1988,청학로12번길 72,
인천광역시 연수구 청학동,538-12,538,12,동남,40.71,202103,13,"8,450",6,1988,청학로12번길 72,
인천광역시 연수구 청학동,538-12,538,12,동남,39.42,202103,26,"8,900",1,1988,청학로12번길 72,
인천광역시 연수구 청학동,559-1,559,1,동보,59.76,202103,19,"16,500",1,1996,솔샘로 120,
인천광역시 연수구 청학동,559-1,559,1,동보,59.76,202103,22,"18,900",6,1996,솔샘로 120,
인천광역시 연수구 청학동,449,449,0,성호,84.02,202103,22,"35,000",5,1993,솔샘로43번길 15,
인천광역시 연수구 청학동,39-1,39,1,송학,49.68,202103,20,"12,000",4,1990,청학로21번길 38,
인천광역시 연수구 청학동,451,451,0,시대,49.585,202103,2,"19,000",10,1994,용담로 3,
인천광역시 연수구 청학동,451,451,0,시대,49.585,202103,2,"17,800",6,1994,용담로 3,
인천광역시 연수구 청학동,451,451,0,시대,35.743,202103,2,"14,500",12,1994,용담로 3,20210421
인천광역시 연수구 청학동,451,451,0,시대,35.743,202103,2,"14,500",6,1994,용담로 3,
인천광역시 연수구 청학동,451,451,0,시대,35.743,202103,3,"14,800",10,1994,용담로 3,
인천광역시 연수구 청학동,451,451,0,시대,35.743,202103,5,"15,000",14,1994,용담로 3,
인천광역시 연수구 청학동,451,451,0,시대,35.743,202103,5,"14,500",4,1994,용담로 3,
인천광역시 연수구 청학동,451,451,0,시대,35.743,202103,5,"15,500",13,1994,용담로 3,
인천광역시 연수구 청학동,451,451,0,시대,35.743,202103,5,"14,900",10,1994,용담로 3,
인천광역시 연수구 청학동,451,451,0,시대,49.585,202103,6,"17,500",12,1994,용담로 3,
인천광역시 연수구 청학동,451,451,0,시대,49.585,202103,6,"17,250",2,1994,용담로 3,
인천광역시 연수구 청학동,451,451,0,시대,35.743,202103,6,"14,700",11,1994,용담로 3,
인천광역시 연수구 청학동,451,451,0,시대,49.585,202103,8,"18,250",9,1994,용담로 3,
인천광역시 연수구 청학동,451,451,0,시대,35.743,202103,10,"14,700",13,1994,용담로 3,
인천광역시 연수구 청학동,451,451,0,시대,35.743,202103,10,"15,000",11,1994,용담로 3,
인천광역시 연수구 청학동,451,451,0,시대,35.743,202103,13,"16,000",7,1994,용담로 3,
인천광역시 연수구 청학동,451,451,0,시대,35.743,202103,13,"15,500",15,1994,용담로 3,
인천광역시 연수구 청학동,451,451,0,시대,49.585,202103,15,"17,000",14,1994,용담로 3,
인천광역시 연수구 청학동,451,451,0,시대,49.585,202103,15,"20,000",7,1994,용담로 3,
인천광역시 연수구 청학동,451,451,0,시대,35.743,202103,16,"15,700",4,1994,용담로 3,
인천광역시 연수구 청학동,451,451,0,시대,49.585,202103,16,"18,000",1,1994,용담로 3,
인천광역시 연수구 청학동,451,451,0,시대,35.743,202103,16,"15,000",1,1994,용담로 3,
인천광역시 연수구 청학동,451,451,0,시대,49.585,202103,16,"20,000",11,1994,용담로 3,
인천광역시 연수구 청학동,451,451,0,시대,49.585,202103,20,"21,000",13,1994,용담로 3,
인천광역시 연수구 청학동,451,451,0,시대,49.585,202103,24,"19,500",5,1994,용담로 3,
인천광역시 연수구 청학동,451,451,0,시대,35.743,202103,24,"16,000",5,1994,용담로 3,
인천광역시 연수구 청학동,548-7,548,7,신성,55.98,202103,3,"13,500",3,1985,청학로16번길 87,
인천광역시 연수구 청학동,548-7,548,7,신성,55.98,202103,3,"12,900",4,1985,청학로16번길 87,
인천광역시 연수구 청학동,548-7,548,7,신성,55.98,202103,15,"14,400",3,1985,청학로16번길 87,
인천광역시 연수구 청학동,548-7,548,7,신성,55.98,202103,22,"14,100",2,1985,청학로16번길 87,
인천광역시 연수구 청학동,499,499,0,연수푸르지오4단지,107.28,202103,28,"41,000",16,2011,먼우금로 217,
인천광역시 연수구 청학동,454,454,0,용담마을,49.995,202103,3,"13,500",5,1994,용담로 25,
인천광역시 연수구 청학동,454,454,0,용담마을,49.995,202103,4,"20,000",1,1994,용담로 25,
인천광역시 연수구 청학동,454,454,0,용담마을,49.995,202103,5,"19,500",4,1994,용담로 25,
인천광역시 연수구 청학동,454,454,0,용담마을,49.995,202103,19,"21,100",5,1994,용담로 25,
인천광역시 연수구 청학동,454,454,0,용담마을,49.995,202103,22,"23,000",3,1994,용담로 25,
인천광역시 연수구 청학동,454,454,0,용담마을,49.305,202103,30,"22,500",1,1994,용담로 25,
인천광역시 연수구 청학동,454,454,0,용담마을,49.995,202103,30,"21,800",5,1994,용담로 25,
인천광역시 연수구 청학동,523-7,523,7,청량,58.32,202103,17,"10,500",5,1990,청학로 13,
인천광역시 연수구 청학동,523-7,523,7,청량,60.93,202103,29,"12,000",1,1990,청학로 13,
인천광역시 연수구 청학동,548-6,548,6,청학국민,52.41,202103,8,"10,500",5,1984,청학로16번길 82,
인천광역시 연수구 청학동,455,455,0,하나타운1,35.81,202103,4,"13,300",2,1995,용담로 14,
인천광역시 연수구 청학동,455,455,0,하나타운1,59.79,202103,8,"24,800",6,1995,용담로 14,
인천광역시 연수구 청학동,455,455,0,하나타운1,59.79,202103,8,"25,850",6,1995,용담로 14,
인천광역시 연수구 청학동,455,455,0,하나타운1,59.79,202103,9,"25,250",12,1995,용담로 14,
인천광역시 연수구 청학동,455,455,0,하나타운1,59.79,202103,12,"24,800",2,1995,용담로 14,
인천광역시 연수구 청학동,455,455,0,하나타운1,35.81,202103,14,"13,800",1,1995,용담로 14,
인천광역시 연수구 청학동,455,455,0,하나타운1,35.81,202103,25,"15,000",6,1995,용담로 14,
인천광역시 연수구 청학동,455,455,0,하나타운1,84.905,202103,31,"40,000",3,1995,용담로 14,
인천광역시 연수구 청학동,545-1,545,1,현대,164.46,202103,4,"35,000",10,2000,계림로 111,
인천광역시 연수구 청학동,545-1,545,1,현대,164.46,202103,6,"43,000",2,2000,계림로 111,
인천광역시 연수구 청학동,545-1,545,1,현대,138.65,202103,11,"39,000",12,2000,계림로 111,20210331
인천광역시 연수구 청학동,545-1,545,1,현대,164.46,202103,21,"45,000",13,2000,계림로 111,